Site_Abb,Water_Year,Discharge_cfs,Water_Temperature_C,Dissolved_Oxygen_mg_L,pH,Specific_Conductance,Turbidity_FNU,Turbidity_NTU,Q_daily_mean_cfs
"Accotink R, VA",2013,100.0,100.0,100.0,100.0,100.0,0.0,0.0,100.0
"Accotink R, VA",2014,100.0,100.0,100.0,100.0,97.0,30.3,0.0,100.0
"Accotink R, VA",2015,100.0,100.0,100.0,95.8,100.0,83.3,0.0,100.0
"Accotink R, VA",2016,100.0,100.0,100.0,100.0,100.0,91.7,0.0,100.0
"Accotink R, VA",2017,100.0,100.0,100.0,100.0,100.0,95.8,0.0,100.0
"Accotink R, VA",2018,100.0,100.0,100.0,100.0,100.0,91.7,0.0,100.0
"Accotink R, VA",2019,100.0,100.0,100.0,100.0,100.0,100.0,0.0,100.0
"Accotink R, VA",2020,100.0,100.0,100.0,100.0,100.0,100.0,0.0,100.0
"Accotink R, VA",2021,100.0,100.0,100.0,100.0,100.0,70.8,0.0,100.0
"Accotink R, VA",2022,100.0,100.0,100.0,100.0,100.0,91.7,0.0,100.0
"Alabama R, AL",2016,100.0,100.0,100.0,92.9,85.7,7.1,0.0,0.0
"Alabama R, AL",2017,100.0,100.0,92.9,100.0,85.7,0.0,0.0,0.0
"Alabama R, AL",2018,100.0,100.0,85.7,100.0,85.7,0.0,0.0,0.0
"Alabama R, AL",2019,100.0,100.0,100.0,100.0,92.9,0.0,0.0,0.0
"Alabama R, AL",2020,100.0,90.9,90.9,45.5,63.6,0.0,0.0,0.0
"Alabama R, AL",2021,100.0,100.0,100.0,92.9,85.7,0.0,0.0,0.0
"Alabama R, AL",2022,100.0,100.0,100.0,100.0,100.0,0.0,0.0,0.0
"Altamaha R, GA",2013,100.0,100.0,100.0,100.0,100.0,0.0,0.0,0.0
"Altamaha R, GA",2014,100.0,100.0,100.0,100.0,100.0,0.0,0.0,0.0
"Altamaha R, GA",2015,100.0,100.0,100.0,100.0,100.0,0.0,0.0,0.0
"Altamaha R, GA",2016,100.0,100.0,100.0,100.0,100.0,0.0,0.0,0.0
"Altamaha R, GA",2017,100.0,100.0,86.7,86.7,100.0,0.0,0.0,0.0
"Altamaha R, GA",2018,100.0,100.0,100.0,100.0,100.0,0.0,0.0,0.0
"Altamaha R, GA",2019,100.0,100.0,100.0,100.0,100.0,0.0,0.0,0.0
"Altamaha R, GA",2020,100.0,100.0,100.0,92.9,100.0,0.0,0.0,0.0
"Altamaha R, GA",2021,100.0,100.0,100.0,100.0,100.0,0.0,0.0,0.0
"Altamaha R, GA",2022,100.0,100.0,100.0,100.0,92.9,0.0,0.0,0.0
"Apalac. R, FL",2013,100.0,100.0,92.9,100.0,100.0,0.0,0.0,100.0
"Apalac. R, FL",2015,100.0,71.4,71.4,71.4,71.4,0.0,0.0,100.0
"Apalac. R, FL",2016,100.0,92.3,92.3,92.3,92.3,0.0,0.0,100.0
"Apalac. R, FL",2017,100.0,100.0,100.0,100.0,100.0,0.0,0.0,100.0
"Apalac. R, FL",2018,100.0,100.0,100.0,100.0,100.0,0.0,0.0,100.0
"Apalac. R, FL",2021,100.0,100.0,100.0,90.0,100.0,0.0,0.0,100.0
"Apalac. R, FL",2022,78.6,100.0,100.0,100.0,100.0,0.0,0.0,78.6
"Arkans. R, AR",2013,100.0,100.0,100.0,100.0,100.0,0.0,0.0,0.0
"Arkans. R, AR",2014,84.6,100.0,100.0,84.6,100.0,0.0,0.0,0.0
"Arkans. R, AR",2015,92.9,100.0,100.0,85.7,100.0,0.0,0.0,0.0
"Arkans. R, AR",2016,92.9,100.0,100.0,92.9,100.0,0.0,0.0,0.0
"Arkans. R, AR",2017,92.9,100.0,100.0,92.9,100.0,0.0,0.0,0.0
"Arkans. R, AR",2018,85.7,100.0,100.0,78.6,78.6,0.0,0.0,0.0
"Arkans. R, AR",2019,100.0,100.0,100.0,75.0,83.3,0.0,0.0,0.0
"Arkans. R, AR",2021,100.0,92.9,92.9,42.9,92.9,0.0,0.0,0.0
"Arkans. R, AR",2022,100.0,100.0,100.0,76.9,100.0,0.0,0.0,0.0
"Atchaf. R, LA",2013,100.0,93.8,93.8,100.0,100.0,0.0,0.0,0.0
"Atchaf. R, LA",2014,100.0,93.8,87.5,100.0,93.8,0.0,0.0,0.0
"Atchaf. R, LA",2015,100.0,100.0,93.8,100.0,100.0,0.0,0.0,0.0
"Atchaf. R, LA",2016,93.8,93.8,93.8,93.8,87.5,0.0,0.0,0.0
"Atchaf. R, LA",2017,100.0,100.0,100.0,100.0,100.0,0.0,0.0,0.0
"Atchaf. R, LA",2018,86.7,80.0,80.0,73.3,86.7,0.0,0.0,0.0
"Atchaf. R, LA",2019,64.3,100.0,100.0,100.0,92.9,0.0,0.0,0.0
"Atchaf. R, LA",2020,100.0,100.0,100.0,76.9,92.3,0.0,0.0,0.0
"Atchaf. R, LA",2021,100.0,100.0,100.0,75.0,87.5,0.0,0.0,0.0
"Atchaf. R, LA",2022,100.0,100.0,100.0,87.5,81.2,0.0,0.0,0.0
"Bogue Phalia, MS",2013,100.0,100.0,95.8,100.0,100.0,0.0,0.0,100.0
"Bogue Phalia, MS",2014,100.0,100.0,91.7,58.3,100.0,0.0,0.0,100.0
"Bogue Phalia, MS",2015,100.0,100.0,100.0,100.0,91.7,0.0,0.0,100.0
"Bogue Phalia, MS",2016,100.0,100.0,100.0,100.0,100.0,0.0,0.0,87.5
"Bogue Phalia, MS",2017,100.0,100.0,100.0,79.2,95.8,0.0,0.0,91.7
"Bogue Phalia, MS",2018,100.0,100.0,100.0,95.8,87.5,0.0,0.0,100.0
"Bogue Phalia, MS",2019,100.0,100.0,100.0,75.0,62.5,0.0,0.0,100.0
"Bogue Phalia, MS",2020,100.0,100.0,100.0,87.0,91.3,0.0,0.0,100.0
"Bogue Phalia, MS",2021,100.0,100.0,100.0,91.7,70.8,0.0,0.0,100.0
"Bogue Phalia, MS",2022,100.0,95.2,95.2,76.2,81.0,0.0,0.0,100.0
"Brazos R, TX",2013,100.0,100.0,100.0,100.0,100.0,0.0,0.0,100.0
"Brazos R, TX",2014,100.0,100.0,100.0,100.0,100.0,0.0,0.0,100.0
"Brazos R, TX",2015,100.0,100.0,100.0,100.0,100.0,0.0,0.0,100.0
"Brazos R, TX",2016,100.0,100.0,100.0,100.0,100.0,0.0,0.0,100.0
"Brazos R, TX",2017,100.0,100.0,100.0,100.0,100.0,0.0,0.0,100.0
"Brazos R, TX",2018,100.0,100.0,100.0,100.0,100.0,0.0,0.0,100.0
"Brazos R, TX",2019,100.0,100.0,100.0,100.0,100.0,0.0,0.0,100.0
"Brazos R, TX",2020,100.0,100.0,100.0,100.0,100.0,0.0,0.0,100.0
"Brazos R, TX",2021,100.0,100.0,100.0,100.0,100.0,0.0,0.0,100.0
"Brazos R, TX",2022,100.0,100.0,100.0,100.0,100.0,0.0,0.0,100.0
"Cana. Creek, NY",2013,100.0,100.0,100.0,100.0,100.0,0.0,0.0,100.0
"Cana. Creek, NY",2014,100.0,100.0,100.0,95.8,100.0,0.0,0.0,100.0
"Cana. Creek, NY",2015,100.0,100.0,100.0,100.0,100.0,0.0,0.0,100.0
"Cana. Creek, NY",2016,100.0,100.0,100.0,100.0,100.0,0.0,0.0,100.0
"Cana. Creek, NY",2017,100.0,100.0,100.0,100.0,100.0,0.0,0.0,100.0
"Cana. Creek, NY",2018,100.0,100.0,100.0,100.0,100.0,0.0,0.0,100.0
"Cana. Creek, NY",2019,100.0,100.0,95.8,100.0,100.0,0.0,0.0,100.0
"Cana. Creek, NY",2020,100.0,91.3,82.6,87.0,91.3,0.0,0.0,100.0
"Cana. Creek, NY",2021,100.0,88.0,88.0,88.0,88.0,0.0,0.0,100.0
"Cana. Creek, NY",2022,100.0,100.0,100.0,100.0,100.0,0.0,0.0,100.0
"Chatta. R, GA",2015,100.0,100.0,100.0,100.0,100.0,0.0,0.0,100.0
"Chatta. R, GA",2016,100.0,100.0,100.0,100.0,100.0,0.0,0.0,100.0
"Chatta. R, GA",2017,100.0,94.4,94.4,100.0,100.0,0.0,0.0,100.0
"Chatta. R, GA",2018,100.0,88.9,88.9,100.0,100.0,0.0,0.0,100.0
"Chatta. R, GA",2019,100.0,100.0,100.0,100.0,100.0,0.0,0.0,100.0
"Chatta. R, GA",2020,100.0,100.0,100.0,88.2,100.0,0.0,0.0,100.0
"Chatta. R, GA",2021,100.0,88.9,88.9,100.0,100.0,0.0,0.0,100.0
"Chatta. R, GA",2022,100.0,94.7,94.7,94.7,94.7,0.0,0.0,100.0
"Cherry Creek, CO",2013,100.0,100.0,100.0,100.0,100.0,0.0,0.0,100.0
"Cherry Creek, CO",2014,100.0,100.0,100.0,100.0,100.0,0.0,0.0,100.0
"Cherry Creek, CO",2015,100.0,100.0,100.0,100.0,100.0,0.0,0.0,100.0
"Cherry Creek, CO",2016,100.0,100.0,100.0,100.0,100.0,0.0,0.0,100.0
"Cherry Creek, CO",2017,100.0,100.0,100.0,100.0,100.0,0.0,0.0,100.0
"Cherry Creek, CO",2018,100.0,100.0,100.0,100.0,100.0,0.0,0.0,100.0
"Cherry Creek, CO",2019,100.0,100.0,100.0,100.0,100.0,0.0,0.0,100.0
"Cherry Creek, CO",2020,100.0,100.0,100.0,100.0,100.0,0.0,0.0,100.0
"Cherry Creek, CO",2021,100.0,100.0,100.0,100.0,100.0,0.0,0.0,100.0
"Cherry Creek, CO",2022,100.0,100.0,95.8,100.0,100.0,0.0,0.0,100.0
"Clinton R, MI",2013,100.0,100.0,95.8,100.0,100.0,0.0,0.0,100.0
"Clinton R, MI",2014,100.0,100.0,100.0,100.0,100.0,0.0,0.0,100.0
"Clinton R, MI",2015,100.0,100.0,100.0,100.0,100.0,0.0,0.0,100.0
"Clinton R, MI",2016,100.0,95.8,95.8,95.8,95.8,0.0,0.0,100.0
"Clinton R, MI",2017,100.0,100.0,100.0,100.0,100.0,0.0,0.0,100.0
"Clinton R, MI",2018,100.0,100.0,100.0,100.0,100.0,0.0,0.0,100.0
"Clinton R, MI",2019,100.0,100.0,100.0,100.0,100.0,0.0,0.0,100.0
"Clinton R, MI",2021,100.0,78.3,65.2,78.3,78.3,69.6,0.0,100.0
"Clinton R, MI",2022,100.0,100.0,95.5,100.0,100.0,59.1,0.0,100.0
"Colo. R Lees, AZ",2013,100.0,100.0,100.0,100.0,100.0,0.0,0.0,100.0
"Colo. R Lees, AZ",2014,100.0,100.0,100.0,100.0,100.0,0.0,0.0,100.0
"Colo. R Lees, AZ",2015,100.0,100.0,100.0,100.0,100.0,0.0,0.0,100.0
"Colo. R Lees, AZ",2016,100.0,100.0,100.0,100.0,100.0,0.0,0.0,100.0
"Colo. R Lees, AZ",2017,100.0,100.0,100.0,100.0,100.0,0.0,0.0,100.0
"Colo. R Lees, AZ",2018,100.0,100.0,100.0,100.0,100.0,0.0,0.0,100.0
"Colo. R Lees, AZ",2019,100.0,100.0,100.0,100.0,100.0,0.0,0.0,100.0
"Colo. R Lees, AZ",2020,100.0,100.0,100.0,100.0,100.0,0.0,0.0,100.0
"Colo. R Lees, AZ",2021,100.0,100.0,100.0,78.6,100.0,0.0,0.0,100.0
"Colo. R Lees, AZ",2022,100.0,100.0,100.0,100.0,100.0,7.7,0.0,100.0
"Colo. R NIB, AZ",2021,100.0,100.0,100.0,100.0,100.0,0.0,0.0,100.0
"Colo. R, CO",2013,100.0,100.0,100.0,100.0,100.0,0.0,0.0,100.0
"Colo. R, CO",2014,100.0,100.0,100.0,100.0,100.0,0.0,0.0,100.0
"Colo. R, CO",2015,100.0,100.0,100.0,100.0,100.0,0.0,0.0,100.0
"Colo. R, CO",2016,100.0,100.0,100.0,100.0,100.0,0.0,0.0,100.0
"Colo. R, CO",2017,100.0,100.0,100.0,100.0,100.0,0.0,0.0,100.0
"Colo. R, CO",2018,100.0,100.0,100.0,100.0,100.0,0.0,0.0,100.0
"Colo. R, CO",2019,100.0,100.0,100.0,100.0,100.0,0.0,0.0,100.0
"Colo. R, CO",2020,100.0,100.0,100.0,100.0,100.0,0.0,0.0,100.0
"Colo. R, CO",2021,100.0,100.0,100.0,100.0,100.0,44.4,0.0,100.0
"Colo. R, CO",2022,100.0,100.0,100.0,100.0,100.0,94.4,0.0,100.0
"Columbia R, OR",2013,100.0,100.0,100.0,100.0,100.0,0.0,0.0,100.0
"Columbia R, OR",2014,100.0,92.3,92.3,92.3,92.3,7.7,0.0,100.0
"Columbia R, OR",2015,100.0,100.0,100.0,100.0,100.0,0.0,0.0,100.0
"Columbia R, OR",2016,100.0,100.0,100.0,100.0,100.0,91.7,0.0,100.0
"Columbia R, OR",2017,100.0,100.0,100.0,100.0,100.0,100.0,0.0,100.0
"Columbia R, OR",2018,100.0,100.0,100.0,100.0,100.0,100.0,0.0,100.0
"Columbia R, OR",2019,100.0,100.0,100.0,100.0,100.0,100.0,0.0,100.0
"Columbia R, OR",2021,100.0,100.0,100.0,91.7,100.0,100.0,0.0,100.0
"Columbia R, OR",2022,100.0,100.0,100.0,100.0,100.0,100.0,0.0,100.0
"Conn. R, CT",2013,100.0,100.0,94.4,100.0,100.0,0.0,0.0,100.0
"Conn. R, CT",2014,100.0,100.0,100.0,100.0,100.0,0.0,0.0,100.0
"Conn. R, CT",2015,100.0,100.0,100.0,100.0,100.0,0.0,0.0,100.0
"Conn. R, CT",2016,100.0,100.0,100.0,100.0,100.0,0.0,0.0,100.0
"Conn. R, CT",2017,100.0,100.0,100.0,100.0,100.0,0.0,0.0,100.0
"Conn. R, CT",2018,100.0,100.0,100.0,100.0,100.0,0.0,0.0,100.0
"Conn. R, CT",2019,100.0,100.0,100.0,100.0,100.0,16.7,0.0,100.0
"Conn. R, CT",2021,100.0,100.0,100.0,100.0,100.0,83.3,0.0,100.0
"Conn. R, CT",2022,100.0,100.0,100.0,100.0,100.0,83.3,0.0,100.0
"Content. R, NC",2013,100.0,100.0,100.0,100.0,100.0,0.0,0.0,100.0
"Content. R, NC",2014,100.0,100.0,95.5,100.0,100.0,0.0,0.0,100.0
"Content. R, NC",2015,100.0,100.0,95.8,100.0,100.0,0.0,0.0,100.0
"Content. R, NC",2016,100.0,100.0,100.0,100.0,100.0,0.0,0.0,100.0
"Content. R, NC",2017,100.0,100.0,100.0,100.0,100.0,0.0,0.0,100.0
"Content. R, NC",2018,100.0,100.0,100.0,100.0,100.0,0.0,0.0,100.0
"Content. R, NC",2019,100.0,100.0,100.0,100.0,100.0,0.0,0.0,100.0
"Content. R, NC",2020,100.0,100.0,100.0,100.0,100.0,0.0,0.0,100.0
"Content. R, NC",2021,100.0,100.0,100.0,100.0,100.0,0.0,0.0,100.0
"Content. R, NC",2022,100.0,100.0,100.0,100.0,100.0,0.0,0.0,100.0
"Delaware R, NJ",2013,100.0,100.0,100.0,100.0,100.0,0.0,0.0,100.0
"Delaware R, NJ",2014,100.0,100.0,100.0,100.0,100.0,14.3,0.0,100.0
"Delaware R, NJ",2015,100.0,100.0,100.0,100.0,100.0,92.9,0.0,100.0
"Delaware R, NJ",2016,100.0,100.0,100.0,100.0,100.0,86.7,0.0,100.0
"Delaware R, NJ",2017,100.0,100.0,100.0,100.0,100.0,100.0,0.0,100.0
"Delaware R, NJ",2018,100.0,100.0,100.0,100.0,100.0,92.9,0.0,100.0
"Delaware R, NJ",2019,100.0,100.0,100.0,100.0,100.0,100.0,0.0,100.0
"Delaware R, NJ",2020,100.0,100.0,100.0,100.0,100.0,92.9,0.0,100.0
"Delaware R, NJ",2021,100.0,100.0,100.0,100.0,100.0,92.9,0.0,100.0
"Delaware R, NJ",2022,100.0,100.0,100.0,100.0,100.0,100.0,0.0,100.0
"Des Moines R, IA",2013,100.0,100.0,100.0,100.0,100.0,0.0,0.0,100.0
"Des Moines R, IA",2014,100.0,100.0,92.9,100.0,100.0,0.0,0.0,100.0
"Des Moines R, IA",2015,100.0,100.0,92.9,100.0,100.0,0.0,0.0,100.0
"Des Moines R, IA",2016,100.0,100.0,100.0,100.0,100.0,0.0,0.0,100.0
"Des Moines R, IA",2017,100.0,100.0,100.0,100.0,100.0,0.0,0.0,100.0
"Des Moines R, IA",2018,100.0,85.7,100.0,100.0,100.0,50.0,0.0,100.0
"Des Moines R, IA",2019,100.0,100.0,100.0,100.0,100.0,100.0,0.0,100.0
"Des Moines R, IA",2020,100.0,100.0,92.3,100.0,100.0,92.3,0.0,100.0
"Des Moines R, IA",2021,100.0,100.0,100.0,100.0,100.0,100.0,0.0,100.0
"Des Moines R, IA",2022,100.0,100.0,100.0,100.0,100.0,100.0,0.0,100.0
"Edisto R, SC",2013,100.0,100.0,100.0,100.0,100.0,0.0,0.0,100.0
"Edisto R, SC",2015,100.0,100.0,100.0,100.0,100.0,0.0,0.0,100.0
"Edisto R, SC",2016,100.0,100.0,100.0,100.0,100.0,0.0,0.0,100.0
"Edisto R, SC",2017,100.0,100.0,100.0,100.0,100.0,0.0,0.0,100.0
"Edisto R, SC",2018,100.0,100.0,100.0,100.0,100.0,0.0,0.0,100.0
"Edisto R, SC",2019,100.0,100.0,100.0,100.0,100.0,0.0,0.0,100.0
"Edisto R, SC",2020,100.0,100.0,100.0,100.0,100.0,0.0,0.0,100.0
"Edisto R, SC",2021,100.0,100.0,100.0,100.0,100.0,0.0,0.0,100.0
"Edisto R, SC",2022,100.0,100.0,100.0,100.0,100.0,0.0,0.0,100.0
"Elkhorn R, NE",2013,100.0,100.0,100.0,100.0,100.0,61.1,0.0,100.0
"Elkhorn R, NE",2014,100.0,100.0,100.0,100.0,94.4,72.2,0.0,100.0
"Elkhorn R, NE",2015,100.0,100.0,100.0,100.0,100.0,77.8,0.0,100.0
"Elkhorn R, NE",2016,100.0,100.0,100.0,100.0,100.0,66.7,0.0,100.0
"Elkhorn R, NE",2017,100.0,100.0,100.0,100.0,100.0,50.0,0.0,100.0
"Elkhorn R, NE",2018,100.0,100.0,100.0,100.0,100.0,77.8,0.0,100.0
"Elkhorn R, NE",2019,100.0,100.0,100.0,100.0,100.0,66.7,0.0,100.0
"Elkhorn R, NE",2020,100.0,100.0,100.0,100.0,100.0,72.2,0.0,100.0
"Elkhorn R, NE",2021,100.0,94.4,94.4,100.0,100.0,66.7,0.0,100.0
"Elkhorn R, NE",2022,100.0,100.0,100.0,94.4,100.0,61.1,0.0,100.0
"Fanno Creek, OR",2013,100.0,100.0,100.0,100.0,100.0,91.7,0.0,100.0
"Fanno Creek, OR",2014,100.0,100.0,100.0,100.0,100.0,90.9,0.0,100.0
"Fanno Creek, OR",2015,100.0,100.0,100.0,100.0,100.0,100.0,0.0,100.0
"Fanno Creek, OR",2016,100.0,100.0,100.0,100.0,100.0,100.0,0.0,100.0
"Fanno Creek, OR",2017,100.0,100.0,100.0,100.0,100.0,100.0,0.0,100.0
"Fanno Creek, OR",2018,100.0,100.0,100.0,100.0,100.0,100.0,0.0,100.0
"Fanno Creek, OR",2019,100.0,100.0,100.0,100.0,100.0,100.0,0.0,100.0
"Fanno Creek, OR",2020,100.0,100.0,100.0,100.0,100.0,100.0,0.0,100.0
"Fanno Creek, OR",2021,100.0,100.0,100.0,100.0,100.0,100.0,0.0,100.0
"Fanno Creek, OR",2022,100.0,100.0,100.0,100.0,100.0,100.0,0.0,100.0
"Granger Drain, WA",2013,100.0,100.0,100.0,100.0,100.0,0.0,0.0,100.0
"Granger Drain, WA",2014,100.0,100.0,95.8,100.0,100.0,0.0,0.0,100.0
"Granger Drain, WA",2015,100.0,100.0,100.0,95.8,100.0,0.0,0.0,100.0
"Granger Drain, WA",2016,100.0,100.0,95.8,100.0,100.0,0.0,0.0,100.0
"Granger Drain, WA",2017,100.0,100.0,100.0,95.5,100.0,0.0,0.0,100.0
"Granger Drain, WA",2018,100.0,95.8,87.5,100.0,100.0,0.0,0.0,100.0
"Granger Drain, WA",2019,100.0,100.0,100.0,100.0,100.0,0.0,0.0,100.0
"Granger Drain, WA",2020,100.0,100.0,95.7,91.3,95.7,0.0,0.0,100.0
"Granger Drain, WA",2021,100.0,100.0,100.0,95.0,100.0,0.0,0.0,100.0
"Granger Drain, WA",2022,100.0,95.5,95.5,95.5,95.5,45.5,0.0,100.0
"Henry Fork, ID",2015,100.0,100.0,11.1,11.1,11.1,0.0,0.0,100.0
"Henry Fork, ID",2016,100.0,94.4,77.8,72.2,77.8,0.0,0.0,100.0
"Henry Fork, ID",2017,100.0,100.0,100.0,100.0,100.0,0.0,0.0,100.0
"Henry Fork, ID",2018,100.0,100.0,100.0,94.4,94.4,0.0,0.0,100.0
"Henry Fork, ID",2019,100.0,100.0,100.0,94.4,94.4,0.0,0.0,100.0
"Henry Fork, ID",2020,100.0,100.0,100.0,100.0,100.0,0.0,0.0,100.0
"Henry Fork, ID",2021,100.0,100.0,94.1,100.0,100.0,0.0,0.0,100.0
"Henry Fork, ID",2022,100.0,88.9,88.9,88.9,88.9,0.0,0.0,100.0
"Hudson R, NY",2013,0.0,100.0,100.0,100.0,100.0,0.0,0.0,0.0
"Hudson R, NY",2014,7.1,100.0,100.0,100.0,100.0,0.0,0.0,0.0
"Hudson R, NY",2015,0.0,100.0,100.0,100.0,100.0,0.0,0.0,0.0
"Hudson R, NY",2016,0.0,100.0,100.0,100.0,100.0,0.0,0.0,0.0
"Hudson R, NY",2017,7.1,100.0,100.0,100.0,100.0,0.0,0.0,0.0
"Hudson R, NY",2018,15.4,100.0,100.0,100.0,100.0,0.0,0.0,0.0
"Hudson R, NY",2019,14.3,100.0,100.0,100.0,100.0,21.4,0.0,0.0
"Hudson R, NY",2020,0.0,100.0,92.9,100.0,100.0,92.9,0.0,0.0
"Hudson R, NY",2021,0.0,100.0,100.0,100.0,100.0,100.0,0.0,0.0
"Hudson R, NY",2022,0.0,100.0,100.0,100.0,100.0,100.0,0.0,0.0
"Illinois R, IL",2013,100.0,100.0,100.0,100.0,100.0,85.7,0.0,100.0
"Illinois R, IL",2014,100.0,100.0,100.0,100.0,100.0,85.7,0.0,100.0
"Illinois R, IL",2015,100.0,100.0,100.0,100.0,100.0,88.2,0.0,100.0
"Illinois R, IL",2016,100.0,100.0,100.0,100.0,100.0,85.7,0.0,100.0
"Illinois R, IL",2017,100.0,100.0,100.0,100.0,100.0,92.9,0.0,100.0
"Illinois R, IL",2018,100.0,100.0,100.0,100.0,100.0,100.0,0.0,100.0
"Illinois R, IL",2019,100.0,100.0,100.0,100.0,100.0,100.0,0.0,100.0
"Illinois R, IL",2020,100.0,100.0,100.0,100.0,100.0,100.0,0.0,100.0
"Illinois R, IL",2021,100.0,100.0,100.0,100.0,100.0,100.0,0.0,100.0
"Illinois R, IL",2022,100.0,100.0,100.0,100.0,100.0,100.0,0.0,100.0
"Iowa R, IA",2013,100.0,100.0,92.9,100.0,100.0,0.0,0.0,100.0
"Iowa R, IA",2014,100.0,100.0,100.0,100.0,100.0,26.7,0.0,100.0
"Iowa R, IA",2015,100.0,100.0,100.0,100.0,100.0,92.9,0.0,100.0
"Iowa R, IA",2016,100.0,100.0,93.3,100.0,100.0,6.7,0.0,100.0
"Iowa R, IA",2017,100.0,100.0,100.0,100.0,100.0,7.1,0.0,100.0
"Iowa R, IA",2018,100.0,93.3,93.3,100.0,100.0,53.3,0.0,100.0
"Iowa R, IA",2019,100.0,28.6,100.0,100.0,100.0,100.0,0.0,100.0
"Iowa R, IA",2020,100.0,0.0,100.0,100.0,100.0,100.0,0.0,100.0
"Iowa R, IA",2021,100.0,100.0,100.0,100.0,100.0,100.0,0.0,100.0
"Iowa R, IA",2022,100.0,100.0,100.0,100.0,100.0,100.0,0.0,100.0
"Jordan R, UT",2013,100.0,100.0,100.0,100.0,100.0,0.0,0.0,100.0
"Jordan R, UT",2014,100.0,100.0,100.0,100.0,100.0,0.0,0.0,100.0
"Jordan R, UT",2015,100.0,100.0,100.0,100.0,100.0,0.0,0.0,100.0
"Jordan R, UT",2016,100.0,100.0,100.0,100.0,100.0,0.0,0.0,100.0
"Jordan R, UT",2017,100.0,100.0,100.0,100.0,100.0,0.0,0.0,100.0
"Jordan R, UT",2018,100.0,100.0,100.0,100.0,100.0,0.0,0.0,100.0
"Jordan R, UT",2019,100.0,100.0,100.0,100.0,100.0,0.0,0.0,100.0
"Jordan R, UT",2021,100.0,100.0,100.0,75.0,100.0,0.0,0.0,100.0
"Jordan R, UT",2022,100.0,100.0,100.0,100.0,100.0,0.0,0.0,100.0
"Kansas R, KS",2013,100.0,100.0,100.0,100.0,100.0,100.0,0.0,100.0
"Kansas R, KS",2014,100.0,100.0,100.0,100.0,100.0,100.0,0.0,100.0
"Kansas R, KS",2015,100.0,100.0,100.0,100.0,100.0,93.8,0.0,100.0
"Kansas R, KS",2016,100.0,100.0,100.0,100.0,100.0,100.0,0.0,100.0
"Kansas R, KS",2017,100.0,100.0,100.0,100.0,100.0,100.0,0.0,100.0
"Kansas R, KS",2018,100.0,100.0,100.0,100.0,100.0,100.0,0.0,100.0
"Kansas R, KS",2019,100.0,100.0,100.0,100.0,100.0,100.0,0.0,100.0
"Kansas R, KS",2020,100.0,100.0,100.0,100.0,100.0,100.0,0.0,100.0
"Kansas R, KS",2021,100.0,100.0,100.0,100.0,100.0,100.0,0.0,100.0
"Kansas R, KS",2022,100.0,100.0,100.0,100.0,100.0,100.0,0.0,100.0
"Lit. Arkans. R, KS",2013,100.0,100.0,100.0,100.0,100.0,100.0,0.0,100.0
"Lit. Arkans. R, KS",2014,100.0,100.0,100.0,100.0,100.0,100.0,0.0,100.0
"Lit. Arkans. R, KS",2015,100.0,100.0,100.0,100.0,100.0,100.0,0.0,100.0
"Lit. Arkans. R, KS",2016,100.0,100.0,100.0,100.0,100.0,100.0,0.0,100.0
"Lit. Arkans. R, KS",2017,100.0,100.0,100.0,100.0,100.0,100.0,0.0,100.0
"Lit. Arkans. R, KS",2018,100.0,100.0,100.0,100.0,100.0,100.0,0.0,100.0
"Lit. Arkans. R, KS",2019,100.0,100.0,100.0,100.0,100.0,100.0,0.0,100.0
"Lit. Arkans. R, KS",2020,100.0,100.0,100.0,100.0,100.0,100.0,0.0,100.0
"Lit. Arkans. R, KS",2021,100.0,100.0,100.0,100.0,100.0,100.0,0.0,100.0
"Lit. Arkans. R, KS",2022,100.0,100.0,100.0,100.0,100.0,100.0,0.0,100.0
"Lit.Cttnwd. Creek, UT",2013,100.0,100.0,100.0,100.0,100.0,0.0,0.0,100.0
"Lit.Cttnwd. Creek, UT",2014,100.0,100.0,100.0,100.0,100.0,0.0,0.0,100.0
"Lit.Cttnwd. Creek, UT",2015,100.0,100.0,100.0,100.0,100.0,0.0,0.0,100.0
"Lit.Cttnwd. Creek, UT",2016,100.0,100.0,100.0,100.0,100.0,0.0,0.0,100.0
"Lit.Cttnwd. Creek, UT",2017,100.0,100.0,95.8,100.0,100.0,0.0,0.0,100.0
"Lit.Cttnwd. Creek, UT",2018,100.0,100.0,100.0,100.0,100.0,0.0,0.0,100.0
"Lit.Cttnwd. Creek, UT",2019,100.0,100.0,95.8,100.0,100.0,0.0,0.0,100.0
"Lit.Cttnwd. Creek, UT",2021,100.0,100.0,100.0,76.2,100.0,0.0,0.0,100.0
"Lit.Cttnwd. Creek, UT",2022,100.0,95.5,95.5,95.5,95.5,0.0,0.0,100.0
"Low. Atchaf., LA",2013,100.0,100.0,92.9,100.0,100.0,0.0,0.0,100.0
"Low. Atchaf., LA",2014,100.0,100.0,92.9,100.0,92.9,0.0,0.0,100.0
"Low. Atchaf., LA",2015,100.0,100.0,93.3,100.0,100.0,80.0,0.0,100.0
"Low. Atchaf., LA",2016,100.0,100.0,100.0,100.0,100.0,92.9,0.0,0.0
"Low. Atchaf., LA",2017,100.0,100.0,100.0,100.0,100.0,92.9,0.0,0.0
"Low. Atchaf., LA",2018,92.9,100.0,100.0,100.0,100.0,100.0,0.0,0.0
"Maple Creek, NE",2013,100.0,100.0,100.0,100.0,100.0,0.0,0.0,100.0
"Maple Creek, NE",2014,100.0,100.0,100.0,95.8,100.0,0.0,0.0,100.0
"Maple Creek, NE",2015,100.0,100.0,100.0,100.0,100.0,0.0,0.0,100.0
"Maple Creek, NE",2016,100.0,100.0,100.0,100.0,100.0,0.0,0.0,100.0
"Maple Creek, NE",2017,100.0,100.0,100.0,100.0,95.8,0.0,0.0,100.0
"Maple Creek, NE",2018,100.0,100.0,95.8,100.0,100.0,0.0,0.0,100.0
"Maple Creek, NE",2019,100.0,100.0,100.0,100.0,100.0,0.0,0.0,100.0
"Maple Creek, NE",2020,100.0,95.8,95.8,100.0,100.0,8.3,0.0,100.0
"Maple Creek, NE",2021,100.0,100.0,100.0,100.0,100.0,12.5,0.0,100.0
"Maple Creek, NE",2022,100.0,100.0,100.0,100.0,100.0,20.8,0.0,100.0
"Maumee R, OH",2013,100.0,100.0,100.0,100.0,100.0,0.0,0.0,100.0
"Maumee R, OH",2014,100.0,100.0,100.0,100.0,100.0,0.0,0.0,100.0
"Maumee R, OH",2015,100.0,100.0,100.0,100.0,100.0,5.3,0.0,100.0
"Maumee R, OH",2016,100.0,100.0,100.0,100.0,100.0,55.6,0.0,100.0
"Maumee R, OH",2017,100.0,100.0,100.0,100.0,100.0,66.7,0.0,100.0
"Maumee R, OH",2018,100.0,100.0,100.0,100.0,100.0,61.1,0.0,100.0
"Maumee R, OH",2021,100.0,100.0,100.0,100.0,100.0,0.0,0.0,100.0
"Maumee R, OH",2022,100.0,100.0,100.0,100.0,100.0,61.1,0.0,100.0
"Miss. R Grafton, IL",2013,100.0,100.0,100.0,100.0,100.0,0.0,0.0,0.0
"Miss. R Grafton, IL",2016,100.0,100.0,100.0,100.0,100.0,0.0,0.0,0.0
"Miss. R Grafton, IL",2017,100.0,100.0,100.0,100.0,100.0,0.0,0.0,0.0
"Miss. R Grafton, IL",2018,100.0,100.0,100.0,100.0,100.0,0.0,0.0,0.0
"Miss. R Grafton, IL",2019,100.0,100.0,100.0,100.0,100.0,0.0,0.0,0.0
"Miss. R Grafton, IL",2021,100.0,100.0,100.0,100.0,100.0,0.0,0.0,0.0
"Miss. R Grafton, IL",2022,92.9,92.9,35.7,35.7,35.7,14.3,0.0,0.0
"Miss. R Thebes, IL",2013,100.0,100.0,100.0,100.0,100.0,0.0,0.0,100.0
"Miss. R Thebes, IL",2014,100.0,100.0,100.0,100.0,100.0,0.0,0.0,100.0
"Miss. R Thebes, IL",2016,100.0,100.0,100.0,100.0,100.0,0.0,0.0,100.0
"Miss. R Thebes, IL",2017,100.0,100.0,100.0,100.0,100.0,0.0,0.0,100.0
"Miss. R Thebes, IL",2018,100.0,100.0,100.0,100.0,100.0,0.0,0.0,100.0
"Miss. R Thebes, IL",2019,100.0,100.0,100.0,100.0,100.0,0.0,0.0,100.0
"Miss. R Thebes, IL",2022,100.0,100.0,69.2,69.2,69.2,15.4,0.0,100.0
"Miss. R, IA",2013,100.0,100.0,100.0,100.0,100.0,0.0,0.0,100.0
"Miss. R, IA",2015,100.0,100.0,100.0,100.0,100.0,57.1,0.0,100.0
"Miss. R, IA",2018,100.0,100.0,100.0,100.0,100.0,84.6,0.0,100.0
"Miss. R, IA",2019,100.0,100.0,100.0,100.0,100.0,100.0,0.0,100.0
"Miss. R, IA",2020,100.0,100.0,100.0,100.0,100.0,100.0,0.0,100.0
"Miss. R, IA",2021,100.0,100.0,100.0,100.0,100.0,100.0,0.0,100.0
"Miss. R, IA",2022,100.0,100.0,100.0,100.0,100.0,100.0,0.0,100.0
"Miss. R, MN",2013,100.0,100.0,92.9,100.0,100.0,0.0,0.0,100.0
"Miss. R, MN",2014,100.0,100.0,100.0,100.0,100.0,0.0,0.0,100.0
"Miss. R, MN",2015,100.0,100.0,100.0,100.0,100.0,0.0,0.0,100.0
"Miss. R, MN",2016,100.0,92.9,100.0,100.0,100.0,0.0,0.0,100.0
"Miss. R, MN",2017,100.0,100.0,100.0,100.0,100.0,0.0,0.0,100.0
"Miss. R, MN",2018,100.0,100.0,92.9,100.0,100.0,0.0,0.0,100.0
"Miss. R, MN",2019,100.0,93.8,93.8,93.8,93.8,0.0,0.0,100.0
"Miss. R, MN",2020,100.0,100.0,100.0,100.0,100.0,0.0,0.0,100.0
"Miss. R, MN",2021,100.0,100.0,100.0,100.0,100.0,0.0,0.0,100.0
"Miss. R, MN",2022,100.0,100.0,100.0,100.0,100.0,0.0,0.0,100.0
"Miss.R, LA",2013,100.0,100.0,100.0,93.8,100.0,0.0,0.0,0.0
"Miss.R, LA",2014,100.0,100.0,100.0,100.0,100.0,0.0,0.0,0.0
"Miss.R, LA",2015,100.0,100.0,87.5,93.8,93.8,0.0,0.0,0.0
"Miss.R, LA",2016,100.0,100.0,100.0,100.0,100.0,0.0,0.0,0.0
"Miss.R, LA",2017,100.0,93.8,93.8,93.8,100.0,0.0,0.0,0.0
"Miss.R, LA",2018,81.2,100.0,87.5,100.0,100.0,0.0,0.0,0.0
"Miss.R, LA",2019,46.7,100.0,100.0,93.3,100.0,0.0,0.0,0.0
"Miss.R, LA",2020,100.0,100.0,92.3,92.3,92.3,0.0,0.0,0.0
"Miss.R, LA",2021,100.0,100.0,100.0,93.8,93.8,0.0,0.0,0.0
"Miss.R, LA",2022,93.8,93.8,93.8,93.8,81.2,0.0,0.0,0.0
"Miss.R, MS",2013,100.0,100.0,100.0,100.0,100.0,0.0,0.0,0.0
"Miss.R, MS",2014,100.0,100.0,100.0,100.0,100.0,0.0,0.0,0.0
"Miss.R, MS",2015,100.0,100.0,92.9,100.0,100.0,0.0,0.0,0.0
"Miss.R, MS",2016,100.0,100.0,100.0,100.0,100.0,0.0,0.0,0.0
"Miss.R, MS",2017,100.0,100.0,92.9,100.0,100.0,0.0,0.0,0.0
"Miss.R, MS",2018,100.0,100.0,92.9,100.0,100.0,0.0,0.0,0.0
"Miss.R, MS",2019,100.0,100.0,92.9,100.0,100.0,0.0,0.0,0.0
"Miss.R, MS",2020,100.0,100.0,100.0,100.0,100.0,0.0,0.0,0.0
"Miss.R, MS",2021,100.0,100.0,100.0,100.0,100.0,0.0,0.0,0.0
"Miss.R, MS",2022,100.0,100.0,100.0,100.0,100.0,0.0,0.0,0.0
"Missouri R, MO",2013,100.0,100.0,100.0,100.0,100.0,92.9,0.0,100.0
"Missouri R, MO",2014,100.0,100.0,100.0,92.9,100.0,92.9,0.0,100.0
"Missouri R, MO",2016,100.0,100.0,100.0,100.0,100.0,100.0,0.0,100.0
"Missouri R, MO",2017,100.0,100.0,100.0,100.0,100.0,93.3,0.0,100.0
"Missouri R, MO",2018,100.0,100.0,100.0,100.0,100.0,100.0,0.0,100.0
"Missouri R, MO",2019,100.0,100.0,100.0,100.0,100.0,92.9,0.0,100.0
"Missouri R, NE",2013,100.0,100.0,100.0,100.0,100.0,0.0,0.0,100.0
"Missouri R, NE",2014,100.0,100.0,100.0,100.0,100.0,0.0,0.0,100.0
"Missouri R, NE",2015,100.0,100.0,93.3,100.0,100.0,0.0,0.0,100.0
"Missouri R, NE",2016,100.0,100.0,100.0,100.0,86.7,0.0,0.0,100.0
"Missouri R, NE",2017,100.0,100.0,100.0,100.0,100.0,0.0,0.0,100.0
"Missouri R, NE",2018,100.0,100.0,100.0,100.0,100.0,57.1,0.0,100.0
"Missouri R, NE",2019,100.0,100.0,100.0,100.0,100.0,100.0,0.0,100.0
"Missouri R, NE",2020,100.0,100.0,100.0,100.0,100.0,100.0,0.0,100.0
"Missouri R, NE",2021,100.0,100.0,100.0,100.0,100.0,92.9,0.0,100.0
"Missouri R, NE",2022,100.0,100.0,100.0,100.0,100.0,50.0,0.0,100.0
"Mobile R, AL",2013,100.0,100.0,100.0,100.0,100.0,0.0,0.0,0.0
"Mobile R, AL",2014,100.0,100.0,92.3,92.3,100.0,0.0,0.0,0.0
"N. Canad. R, OK",2013,100.0,100.0,100.0,100.0,100.0,66.7,0.0,100.0
"N. Canad. R, OK",2014,100.0,100.0,100.0,100.0,100.0,0.0,0.0,100.0
"N. Canad. R, OK",2015,100.0,100.0,100.0,100.0,100.0,0.0,0.0,100.0
"N. Canad. R, OK",2016,100.0,100.0,100.0,100.0,100.0,0.0,0.0,100.0
"N. Canad. R, OK",2017,100.0,100.0,100.0,100.0,100.0,0.0,0.0,100.0
"N. Canad. R, OK",2018,100.0,100.0,95.0,100.0,100.0,0.0,0.0,100.0
"N. Canad. R, OK",2019,100.0,100.0,100.0,100.0,100.0,4.5,0.0,100.0
"N. Canad. R, OK",2020,100.0,100.0,100.0,100.0,100.0,0.0,0.0,100.0
"N. Canad. R, OK",2021,100.0,100.0,100.0,100.0,100.0,0.0,0.0,100.0
"N. Canad. R, OK",2022,100.0,100.0,100.0,100.0,100.0,0.0,0.0,100.0
"Neuse R, NC",2013,100.0,100.0,100.0,100.0,100.0,0.0,0.0,100.0
"Neuse R, NC",2014,100.0,100.0,94.4,100.0,100.0,0.0,0.0,100.0
"Neuse R, NC",2015,100.0,100.0,100.0,100.0,100.0,0.0,0.0,100.0
"Neuse R, NC",2016,100.0,100.0,100.0,100.0,100.0,0.0,0.0,100.0
"Neuse R, NC",2017,100.0,100.0,100.0,100.0,100.0,0.0,0.0,100.0
"Neuse R, NC",2018,100.0,100.0,100.0,100.0,100.0,0.0,0.0,100.0
"Neuse R, NC",2019,100.0,100.0,100.0,100.0,100.0,0.0,0.0,100.0
"Neuse R, NC",2020,100.0,100.0,100.0,100.0,100.0,0.0,0.0,100.0
"Neuse R, NC",2021,100.0,100.0,100.0,100.0,100.0,0.0,0.0,100.0
"Neuse R, NC",2022,100.0,94.1,94.1,94.1,94.1,0.0,0.0,100.0
"Norwalk R, CT",2013,100.0,100.0,100.0,100.0,100.0,0.0,0.0,0.0
"Norwalk R, CT",2014,100.0,100.0,100.0,100.0,100.0,0.0,0.0,0.0
"Norwalk R, CT",2015,100.0,100.0,100.0,100.0,100.0,0.0,0.0,0.0
"Norwalk R, CT",2016,100.0,100.0,100.0,100.0,100.0,0.0,0.0,0.0
"Norwalk R, CT",2017,100.0,100.0,95.8,100.0,100.0,0.0,0.0,0.0
"Norwalk R, CT",2018,100.0,100.0,100.0,100.0,100.0,0.0,0.0,0.0
"Norwalk R, CT",2019,100.0,100.0,100.0,100.0,100.0,0.0,0.0,0.0
"Norwalk R, CT",2021,87.5,100.0,100.0,100.0,100.0,0.0,0.0,0.0
"Norwalk R, CT",2022,95.8,95.8,95.8,95.8,95.8,0.0,0.0,0.0
"Ohio R GC, IL",2013,100.0,100.0,100.0,100.0,100.0,0.0,0.0,0.0
"Ohio R GC, IL",2014,100.0,100.0,100.0,100.0,100.0,0.0,0.0,0.0
"Ohio R Olm, IL",2015,100.0,100.0,100.0,100.0,100.0,73.3,0.0,100.0
"Ohio R Olm, IL",2016,100.0,100.0,100.0,100.0,100.0,86.7,0.0,100.0
"Ohio R Olm, IL",2017,100.0,92.9,92.9,92.9,92.9,85.7,0.0,100.0
"Ohio R Olm, IL",2018,100.0,100.0,100.0,100.0,100.0,64.3,0.0,100.0
"Ohio R Olm, IL",2019,100.0,100.0,92.9,100.0,100.0,14.3,0.0,100.0
"Ohio R Olm, IL",2020,100.0,100.0,92.9,85.7,100.0,14.3,0.0,100.0
"Ohio R Olm, IL",2021,100.0,100.0,100.0,100.0,100.0,100.0,0.0,100.0
"Ohio R Olm, IL",2022,100.0,100.0,100.0,100.0,100.0,100.0,0.0,100.0
"Ohio R, IN",2013,100.0,100.0,100.0,100.0,100.0,0.0,0.0,100.0
"Ohio R, IN",2014,100.0,100.0,92.3,92.3,100.0,0.0,0.0,100.0
"Ohio R, IN",2015,100.0,100.0,85.7,85.7,92.9,0.0,0.0,100.0
"Ohio R, IN",2016,100.0,100.0,100.0,100.0,100.0,0.0,0.0,100.0
"Ohio R, IN",2017,100.0,100.0,100.0,100.0,100.0,0.0,0.0,100.0
"Ohio R, IN",2018,100.0,100.0,100.0,100.0,100.0,80.0,0.0,100.0
"Ohio R, IN",2019,100.0,100.0,100.0,100.0,100.0,100.0,0.0,100.0
"Ohio R, IN",2020,100.0,85.7,100.0,92.9,100.0,85.7,0.0,100.0
"Ohio R, IN",2021,100.0,100.0,100.0,100.0,100.0,100.0,0.0,100.0
"Platte R, NE",2013,100.0,100.0,100.0,100.0,100.0,71.4,0.0,100.0
"Platte R, NE",2014,100.0,100.0,100.0,100.0,100.0,61.5,0.0,100.0
"Platte R, NE",2015,100.0,100.0,100.0,100.0,100.0,50.0,0.0,100.0
"Platte R, NE",2016,100.0,100.0,100.0,100.0,100.0,78.6,0.0,100.0
"Platte R, NE",2017,100.0,100.0,100.0,100.0,100.0,78.6,0.0,100.0
"Platte R, NE",2018,100.0,100.0,100.0,100.0,100.0,71.4,0.0,100.0
"Platte R, NE",2019,100.0,100.0,100.0,100.0,100.0,64.3,0.0,100.0
"Platte R, NE",2020,100.0,100.0,100.0,100.0,100.0,64.3,0.0,100.0
"Platte R, NE",2021,100.0,100.0,100.0,100.0,100.0,64.3,0.0,100.0
"Platte R, NE",2022,100.0,100.0,100.0,100.0,100.0,71.4,0.0,100.0
"Potomac R, DC",2013,100.0,100.0,100.0,100.0,100.0,10.0,0.0,0.0
"Potomac R, DC",2014,94.1,100.0,100.0,100.0,100.0,0.0,0.0,0.0
"Potomac R, DC",2015,100.0,100.0,100.0,94.4,100.0,0.0,0.0,0.0
"Potomac R, DC",2016,100.0,100.0,100.0,100.0,100.0,0.0,0.0,0.0
"Potomac R, DC",2017,100.0,94.4,100.0,100.0,100.0,0.0,0.0,0.0
"Potomac R, DC",2018,100.0,100.0,94.7,100.0,100.0,5.3,0.0,0.0
"Potomac R, DC",2019,100.0,100.0,100.0,100.0,100.0,0.0,0.0,0.0
"Potomac R, DC",2020,100.0,100.0,100.0,100.0,100.0,0.0,0.0,0.0
"Potomac R, DC",2021,100.0,100.0,94.4,100.0,100.0,0.0,0.0,0.0
"Potomac R, DC",2022,0.0,100.0,100.0,100.0,100.0,0.0,0.0,0.0
"R. Grande Bro., TX",2013,100.0,100.0,100.0,100.0,100.0,0.0,0.0,0.0
"R. Grande Bro., TX",2014,100.0,100.0,100.0,91.7,100.0,0.0,0.0,0.0
"R. Grande Bro., TX",2015,100.0,100.0,100.0,100.0,100.0,91.7,0.0,0.0
"R. Grande Bro., TX",2016,100.0,100.0,100.0,100.0,100.0,0.0,0.0,0.0
"R. Grande Bro., TX",2017,91.7,100.0,100.0,100.0,100.0,0.0,0.0,0.0
"R. Grande Bro., TX",2018,100.0,83.3,75.0,83.3,83.3,0.0,0.0,0.0
"R. Grande Bro., TX",2019,100.0,100.0,100.0,100.0,100.0,0.0,0.0,0.0
"R. Grande Bro., TX",2021,100.0,100.0,100.0,100.0,100.0,0.0,0.0,0.0
"R. Grande Bro., TX",2022,25.0,100.0,100.0,100.0,100.0,0.0,0.0,0.0
"R. Grande El Paso, TX",2013,100.0,100.0,100.0,100.0,100.0,0.0,0.0,0.0
"R. Grande El Paso, TX",2014,100.0,100.0,100.0,100.0,100.0,0.0,0.0,0.0
"R. Grande El Paso, TX",2015,100.0,100.0,78.6,100.0,100.0,0.0,0.0,0.0
"R. Grande El Paso, TX",2016,100.0,100.0,100.0,100.0,100.0,0.0,0.0,0.0
"R. Grande El Paso, TX",2017,100.0,100.0,100.0,100.0,100.0,0.0,0.0,0.0
"R. Grande El Paso, TX",2018,100.0,100.0,100.0,100.0,100.0,0.0,0.0,0.0
"Red R, ND",2014,100.0,100.0,100.0,100.0,100.0,100.0,0.0,100.0
"Red R, ND",2015,100.0,100.0,100.0,100.0,100.0,100.0,0.0,100.0
"Red R, ND",2016,100.0,100.0,100.0,100.0,100.0,100.0,0.0,100.0
"Red R, ND",2017,100.0,100.0,100.0,100.0,100.0,100.0,0.0,100.0
"Red R, ND",2018,100.0,100.0,100.0,100.0,100.0,100.0,0.0,100.0
"Red R, ND",2019,100.0,100.0,100.0,100.0,100.0,100.0,0.0,100.0
"Red R, ND",2020,100.0,100.0,100.0,100.0,100.0,92.9,0.0,100.0
"Red R, ND",2021,100.0,100.0,100.0,100.0,100.0,100.0,0.0,100.0
"Red R, ND",2022,100.0,100.0,100.0,100.0,100.0,100.0,0.0,100.0
"Rock Creek, ID",2013,100.0,100.0,100.0,100.0,100.0,0.0,0.0,100.0
"Rock Creek, ID",2014,100.0,100.0,100.0,100.0,100.0,0.0,0.0,100.0
"Rock Creek, ID",2015,100.0,100.0,100.0,100.0,100.0,0.0,0.0,100.0
"Rock Creek, ID",2016,100.0,100.0,100.0,100.0,100.0,0.0,0.0,100.0
"Rock Creek, ID",2017,100.0,100.0,100.0,100.0,100.0,0.0,0.0,100.0
"Rock Creek, ID",2018,100.0,100.0,100.0,95.8,100.0,0.0,0.0,100.0
"Rock Creek, ID",2019,100.0,100.0,100.0,100.0,100.0,0.0,0.0,100.0
"Rock Creek, ID",2020,100.0,100.0,100.0,100.0,100.0,0.0,0.0,100.0
"Rock Creek, ID",2021,100.0,100.0,100.0,95.7,100.0,47.8,0.0,100.0
"Rock Creek, ID",2022,100.0,100.0,100.0,100.0,100.0,83.3,0.0,100.0
"S. Platte R, CO",2013,100.0,94.4,94.4,100.0,100.0,0.0,0.0,0.0
"S. Platte R, CO",2014,100.0,100.0,100.0,100.0,100.0,0.0,0.0,0.0
"S. Platte R, CO",2015,100.0,100.0,100.0,100.0,100.0,0.0,0.0,0.0
"S. Platte R, CO",2016,100.0,100.0,100.0,100.0,100.0,0.0,0.0,0.0
"S. Platte R, CO",2017,100.0,100.0,100.0,100.0,100.0,0.0,0.0,0.0
"S. Platte R, CO",2018,100.0,100.0,88.9,100.0,100.0,0.0,0.0,0.0
"S. Platte R, CO",2019,88.9,100.0,94.4,100.0,100.0,0.0,0.0,0.0
"S. Platte R, CO",2020,100.0,100.0,100.0,100.0,100.0,0.0,0.0,0.0
"S. Platte R, CO",2021,100.0,94.4,94.4,100.0,100.0,0.0,0.0,0.0
"S. Platte R, CO",2022,100.0,100.0,94.4,100.0,100.0,0.0,0.0,0.0
"S.Fork Iowa R, IA",2013,100.0,100.0,95.7,100.0,100.0,43.5,0.0,100.0
"S.Fork Iowa R, IA",2014,100.0,95.8,95.8,95.8,95.8,4.2,0.0,100.0
"S.Fork Iowa R, IA",2015,100.0,100.0,100.0,100.0,100.0,0.0,0.0,100.0
"S.Fork Iowa R, IA",2016,100.0,100.0,100.0,100.0,100.0,0.0,0.0,100.0
"S.Fork Iowa R, IA",2017,100.0,100.0,91.7,100.0,100.0,0.0,0.0,100.0
"S.Fork Iowa R, IA",2018,100.0,96.0,96.0,96.0,96.0,40.0,0.0,100.0
"S.Fork Iowa R, IA",2019,100.0,100.0,100.0,100.0,100.0,29.2,0.0,100.0
"S.Fork Iowa R, IA",2020,100.0,100.0,100.0,100.0,100.0,0.0,0.0,100.0
"S.Fork Iowa R, IA",2021,100.0,100.0,100.0,100.0,100.0,8.0,0.0,100.0
"S.Fork Iowa R, IA",2022,100.0,100.0,95.8,95.8,95.8,4.2,0.0,100.0
"Sacram. R, CA",2013,100.0,100.0,93.3,100.0,100.0,86.7,0.0,100.0
"Sacram. R, CA",2014,100.0,100.0,100.0,100.0,100.0,100.0,0.0,100.0
"Sacram. R, CA",2015,100.0,100.0,100.0,100.0,100.0,100.0,0.0,100.0
"Sacram. R, CA",2016,100.0,100.0,100.0,100.0,100.0,100.0,0.0,0.0
"Sacram. R, CA",2017,100.0,100.0,100.0,100.0,100.0,100.0,0.0,0.0
"Sacram. R, CA",2018,100.0,100.0,100.0,100.0,100.0,100.0,0.0,0.0
"Sacram. R, CA",2019,100.0,100.0,100.0,100.0,100.0,100.0,0.0,0.0
"Sacram. R, CA",2020,100.0,100.0,100.0,100.0,100.0,100.0,0.0,0.0
"Sacram. R, CA",2021,100.0,100.0,100.0,100.0,100.0,100.0,0.0,0.0
"Sacram. R, CA",2022,100.0,100.0,100.0,100.0,100.0,100.0,0.0,0.0
"San Juaq. R, CA",2013,100.0,100.0,94.4,100.0,83.3,0.0,0.0,100.0
"San Juaq. R, CA",2014,100.0,100.0,100.0,100.0,100.0,0.0,0.0,100.0
"San Juaq. R, CA",2015,100.0,100.0,100.0,100.0,100.0,89.5,0.0,100.0
"San Juaq. R, CA",2016,100.0,100.0,100.0,100.0,100.0,47.1,0.0,100.0
"San Juaq. R, CA",2017,100.0,100.0,88.2,94.1,94.1,0.0,0.0,100.0
"San Juaq. R, CA",2018,100.0,100.0,94.4,94.4,94.4,0.0,0.0,100.0
"San Juaq. R, CA",2019,100.0,100.0,100.0,100.0,100.0,0.0,0.0,100.0
"San Juaq. R, CA",2020,100.0,100.0,93.8,100.0,100.0,0.0,0.0,100.0
"San Juaq. R, CA",2021,100.0,100.0,100.0,100.0,100.0,0.0,0.0,100.0
"San Juaq. R, CA",2022,100.0,100.0,100.0,100.0,100.0,0.0,0.0,100.0
"Santa Ana R, CA",2013,100.0,100.0,100.0,100.0,100.0,50.0,0.0,100.0
"Santa Ana R, CA",2014,100.0,100.0,100.0,100.0,100.0,100.0,0.0,100.0
"Santa Ana R, CA",2015,100.0,100.0,100.0,94.4,100.0,100.0,0.0,100.0
"Santa Ana R, CA",2016,100.0,100.0,100.0,100.0,100.0,100.0,0.0,100.0
"Santa Ana R, CA",2017,100.0,100.0,100.0,100.0,100.0,0.0,0.0,100.0
"Santa Ana R, CA",2018,100.0,100.0,100.0,100.0,100.0,0.0,0.0,100.0
"Santa Ana R, CA",2019,100.0,100.0,100.0,100.0,100.0,0.0,0.0,100.0
"Santa Ana R, CA",2020,100.0,100.0,94.4,100.0,100.0,0.0,0.0,100.0
"Santa Ana R, CA",2021,100.0,100.0,100.0,100.0,100.0,0.0,0.0,100.0
"Santa Ana R, CA",2022,100.0,100.0,100.0,100.0,100.0,0.0,0.0,100.0
"Shingle Creek, MN",2013,100.0,100.0,100.0,100.0,100.0,0.0,0.0,100.0
"Shingle Creek, MN",2014,100.0,100.0,100.0,95.8,100.0,0.0,0.0,100.0
"Shingle Creek, MN",2015,100.0,100.0,100.0,100.0,100.0,0.0,0.0,100.0
"Shingle Creek, MN",2016,100.0,100.0,100.0,100.0,100.0,0.0,0.0,100.0
"Shingle Creek, MN",2017,100.0,100.0,100.0,100.0,100.0,0.0,0.0,100.0
"Shingle Creek, MN",2018,100.0,100.0,100.0,95.8,100.0,0.0,0.0,100.0
"Shingle Creek, MN",2019,100.0,100.0,95.8,95.8,100.0,0.0,0.0,100.0
"Shingle Creek, MN",2020,100.0,100.0,100.0,100.0,100.0,0.0,0.0,100.0
"Shingle Creek, MN",2021,100.0,100.0,100.0,100.0,100.0,0.0,0.0,100.0
"Shingle Creek, MN",2022,100.0,100.0,100.0,100.0,100.0,0.0,0.0,100.0
"Snake R, ID",2013,100.0,100.0,100.0,100.0,100.0,0.0,0.0,100.0
"Snake R, ID",2014,100.0,100.0,100.0,100.0,100.0,0.0,0.0,100.0
"Snake R, ID",2015,100.0,100.0,100.0,100.0,100.0,0.0,0.0,100.0
"Snake R, ID",2016,100.0,100.0,100.0,100.0,100.0,0.0,0.0,100.0
"Snake R, ID",2017,100.0,100.0,100.0,100.0,100.0,0.0,0.0,100.0
"Snake R, ID",2018,100.0,100.0,100.0,92.9,100.0,0.0,0.0,100.0
"Snake R, ID",2019,100.0,100.0,100.0,100.0,100.0,0.0,0.0,100.0
"Snake R, ID",2020,100.0,100.0,100.0,92.9,92.9,0.0,0.0,100.0
"Snake R, ID",2021,100.0,100.0,92.9,92.9,100.0,35.7,0.0,100.0
"Snake R, ID",2022,100.0,100.0,93.8,93.8,93.8,81.2,0.0,100.0
"Sope Creek, GA",2013,100.0,100.0,95.8,100.0,100.0,0.0,0.0,100.0
"Sope Creek, GA",2014,100.0,100.0,100.0,100.0,100.0,0.0,0.0,100.0
"Sope Creek, GA",2015,100.0,100.0,100.0,100.0,100.0,0.0,0.0,100.0
"Sope Creek, GA",2016,100.0,100.0,100.0,100.0,100.0,0.0,0.0,100.0
"Sope Creek, GA",2017,100.0,100.0,100.0,100.0,100.0,0.0,0.0,100.0
"Sope Creek, GA",2018,100.0,90.9,95.5,100.0,100.0,0.0,0.0,100.0
"Sope Creek, GA",2019,100.0,100.0,100.0,100.0,100.0,0.0,0.0,100.0
"Sope Creek, GA",2020,100.0,100.0,100.0,100.0,100.0,0.0,0.0,100.0
"Sope Creek, GA",2021,100.0,91.7,95.8,100.0,95.8,0.0,0.0,100.0
"Sope Creek, GA",2022,100.0,100.0,100.0,100.0,100.0,0.0,0.0,100.0
"St Lawr. R, NY",2013,100.0,100.0,100.0,100.0,100.0,0.0,0.0,100.0
"St Lawr. R, NY",2014,100.0,100.0,92.9,100.0,100.0,0.0,0.0,100.0
"St Lawr. R, NY",2015,100.0,100.0,100.0,100.0,100.0,0.0,0.0,100.0
"St Lawr. R, NY",2016,100.0,100.0,92.3,100.0,100.0,0.0,0.0,100.0
"St Lawr. R, NY",2017,100.0,100.0,100.0,100.0,100.0,0.0,0.0,100.0
"St Lawr. R, NY",2018,100.0,100.0,100.0,100.0,100.0,0.0,0.0,100.0
"St Lawr. R, NY",2019,100.0,100.0,92.9,100.0,100.0,0.0,0.0,100.0
"St Lawr. R, NY",2020,71.4,71.4,71.4,71.4,71.4,0.0,0.0,0.0
"St Lawr. R, NY",2021,92.9,92.9,92.9,92.9,92.9,0.0,0.0,0.0
"St Lawr. R, NY",2022,100.0,100.0,100.0,100.0,100.0,0.0,0.0,92.9
"Sugar Creek, IN",2013,96.3,100.0,100.0,100.0,100.0,0.0,0.0,0.0
"Sugar Creek, IN",2014,100.0,100.0,95.7,100.0,100.0,8.7,0.0,0.0
"Sugar Creek, IN",2015,100.0,100.0,95.7,100.0,100.0,0.0,0.0,0.0
"Sugar Creek, IN",2016,100.0,100.0,100.0,100.0,100.0,4.2,0.0,0.0
"Sugar Creek, IN",2017,95.8,100.0,100.0,100.0,100.0,4.2,0.0,0.0
"Sugar Creek, IN",2018,95.7,100.0,100.0,100.0,100.0,0.0,0.0,0.0
"Sugar Creek, IN",2019,100.0,95.8,95.8,95.8,95.8,0.0,0.0,0.0
"Sugar Creek, IN",2020,100.0,100.0,100.0,95.8,100.0,0.0,0.0,0.0
"Sugar Creek, IN",2021,100.0,100.0,100.0,100.0,100.0,0.0,0.0,0.0
"Sugar Creek, IN",2022,100.0,100.0,100.0,100.0,100.0,0.0,0.0,0.0
"Susq. R, MD",2013,100.0,100.0,100.0,100.0,100.0,6.2,0.0,100.0
"Susq. R, MD",2014,100.0,100.0,92.9,100.0,100.0,7.1,0.0,100.0
"Susq. R, MD",2015,100.0,100.0,92.9,100.0,100.0,100.0,0.0,100.0
"Susq. R, MD",2016,100.0,100.0,92.9,92.9,100.0,100.0,0.0,100.0
"Susq. R, MD",2017,100.0,100.0,100.0,100.0,100.0,92.9,0.0,100.0
"Susq. R, MD",2018,100.0,100.0,92.9,100.0,100.0,100.0,0.0,100.0
"Susq. R, MD",2019,100.0,100.0,84.6,100.0,100.0,100.0,0.0,100.0
"Susq. R, MD",2020,100.0,100.0,100.0,100.0,100.0,100.0,0.0,100.0
"Susq. R, MD",2021,100.0,100.0,92.9,92.9,100.0,100.0,0.0,100.0
"Susq. R, MD",2022,100.0,100.0,100.0,100.0,100.0,100.0,0.0,100.0
"Swift Creek, NC",2013,100.0,100.0,100.0,100.0,100.0,0.0,0.0,100.0
"Swift Creek, NC",2014,100.0,100.0,100.0,100.0,100.0,0.0,0.0,100.0
"Swift Creek, NC",2015,100.0,100.0,100.0,100.0,100.0,0.0,0.0,100.0
"Swift Creek, NC",2016,100.0,100.0,100.0,100.0,100.0,0.0,0.0,100.0
"Swift Creek, NC",2017,100.0,100.0,91.7,100.0,100.0,0.0,0.0,100.0
"Swift Creek, NC",2018,100.0,100.0,100.0,100.0,100.0,0.0,0.0,91.7
"Swift Creek, NC",2019,100.0,95.8,95.8,95.8,100.0,0.0,0.0,100.0
"Swift Creek, NC",2020,100.0,100.0,100.0,100.0,100.0,0.0,0.0,100.0
"Swift Creek, NC",2021,100.0,100.0,100.0,100.0,100.0,0.0,0.0,100.0
"Swift Creek, NC",2022,100.0,100.0,100.0,95.7,100.0,0.0,0.0,100.0
"Tennessee R, KY",2013,100.0,100.0,100.0,100.0,100.0,0.0,0.0,0.0
"Tennessee R, KY",2014,100.0,100.0,100.0,100.0,100.0,0.0,0.0,0.0
"Tennessee R, KY",2015,100.0,100.0,100.0,100.0,100.0,0.0,0.0,0.0
"Tennessee R, KY",2016,100.0,100.0,92.9,100.0,100.0,0.0,0.0,0.0
"Tennessee R, KY",2017,100.0,100.0,100.0,100.0,92.9,0.0,0.0,0.0
"Tennessee R, KY",2018,100.0,100.0,100.0,100.0,100.0,0.0,0.0,0.0
"Tennessee R, KY",2019,92.3,92.3,92.3,92.3,84.6,0.0,0.0,0.0
"Tennessee R, KY",2020,78.6,85.7,85.7,85.7,85.7,0.0,0.0,0.0
"Tennessee R, KY",2021,100.0,100.0,92.9,100.0,100.0,71.4,0.0,0.0
"Tennessee R, KY",2022,100.0,100.0,100.0,100.0,100.0,85.7,0.0,0.0
"Tombig. R, AL",2013,100.0,94.4,94.4,100.0,100.0,0.0,0.0,0.0
"Tombig. R, AL",2014,100.0,94.4,83.3,100.0,88.9,0.0,0.0,0.0
"Tombig. R, AL",2015,72.2,100.0,94.4,100.0,100.0,0.0,0.0,0.0
"Tombig. R, AL",2016,100.0,100.0,100.0,94.4,94.4,0.0,0.0,0.0
"Tombig. R, AL",2017,100.0,100.0,100.0,94.4,94.4,0.0,0.0,0.0
"Tombig. R, AL",2018,100.0,100.0,94.4,100.0,100.0,0.0,0.0,0.0
"Tombig. R, AL",2019,100.0,88.9,88.9,72.2,72.2,0.0,0.0,0.0
"Tombig. R, AL",2021,100.0,100.0,100.0,100.0,94.4,0.0,0.0,0.0
"Tombig. R, AL",2022,100.0,100.0,100.0,100.0,100.0,0.0,0.0,0.0
"Trinity R, TX",2013,100.0,100.0,100.0,100.0,100.0,0.0,0.0,100.0
"Trinity R, TX",2014,100.0,100.0,94.4,100.0,100.0,0.0,0.0,100.0
"Trinity R, TX",2015,100.0,100.0,100.0,100.0,100.0,33.3,0.0,100.0
"Trinity R, TX",2016,100.0,100.0,100.0,100.0,100.0,94.4,0.0,100.0
"Trinity R, TX",2017,100.0,100.0,100.0,100.0,94.4,83.3,0.0,100.0
"Trinity R, TX",2018,100.0,100.0,100.0,100.0,100.0,83.3,0.0,100.0
"Trinity R, TX",2019,100.0,100.0,100.0,100.0,100.0,33.3,0.0,100.0
"Trinity R, TX",2020,100.0,100.0,100.0,100.0,100.0,22.2,0.0,100.0
"Trinity R, TX",2021,100.0,100.0,100.0,100.0,100.0,0.0,0.0,100.0
"Trinity R, TX",2022,100.0,100.0,100.0,100.0,94.4,38.9,0.0,100.0
"Truckee R, NV",2013,100.0,100.0,94.1,100.0,100.0,0.0,0.0,100.0
"Truckee R, NV",2014,100.0,94.4,88.9,100.0,100.0,0.0,0.0,100.0
"Truckee R, NV",2015,100.0,100.0,100.0,50.0,100.0,0.0,0.0,100.0
"Truckee R, NV",2016,100.0,66.7,94.4,88.9,100.0,0.0,0.0,100.0
"Truckee R, NV",2017,100.0,100.0,100.0,100.0,100.0,0.0,0.0,100.0
"Truckee R, NV",2018,100.0,100.0,100.0,94.4,100.0,0.0,0.0,100.0
"Truckee R, NV",2019,100.0,100.0,94.4,100.0,94.4,0.0,0.0,100.0
"Truckee R, NV",2020,100.0,100.0,100.0,100.0,83.3,0.0,0.0,100.0
"Truckee R, NV",2021,100.0,100.0,100.0,100.0,100.0,0.0,0.0,100.0
"Truckee R, NV",2022,100.0,100.0,100.0,100.0,100.0,0.0,0.0,100.0
"Wabash R, IN",2013,100.0,100.0,100.0,100.0,100.0,0.0,0.0,100.0
"Wabash R, IN",2014,100.0,100.0,92.3,92.3,100.0,0.0,0.0,100.0
"Wabash R, IN",2015,100.0,92.9,92.9,92.9,85.7,0.0,0.0,100.0
"Wabash R, IN",2016,100.0,100.0,73.3,100.0,93.3,0.0,0.0,93.3
"Wabash R, IN",2017,100.0,92.9,92.9,92.9,92.9,0.0,0.0,100.0
"Wabash R, IN",2018,100.0,93.8,93.8,93.8,93.8,75.0,0.0,100.0
"Wabash R, IN",2019,100.0,100.0,100.0,100.0,100.0,100.0,0.0,100.0
"Wabash R, IN",2021,100.0,100.0,100.0,100.0,100.0,100.0,0.0,100.0
"Wabash R, IN",2022,100.0,100.0,100.0,100.0,100.0,100.0,0.0,100.0
"Wax Outlet, LA",2013,100.0,100.0,100.0,100.0,100.0,0.0,0.0,92.9
"Wax Outlet, LA",2014,100.0,100.0,100.0,100.0,100.0,0.0,0.0,100.0
"Wax Outlet, LA",2015,100.0,100.0,93.3,100.0,93.3,0.0,0.0,100.0
"Wax Outlet, LA",2016,100.0,100.0,100.0,100.0,100.0,0.0,0.0,0.0
"White R, IN",2013,100.0,100.0,100.0,100.0,100.0,100.0,0.0,100.0
"White R, IN",2014,100.0,100.0,100.0,100.0,100.0,100.0,0.0,100.0
"White R, IN",2015,100.0,100.0,94.4,100.0,100.0,100.0,0.0,100.0
"White R, IN",2016,100.0,100.0,100.0,100.0,100.0,100.0,0.0,100.0
"White R, IN",2017,100.0,100.0,100.0,100.0,100.0,100.0,0.0,100.0
"White R, IN",2018,100.0,100.0,100.0,100.0,100.0,100.0,0.0,100.0
"White R, IN",2019,100.0,100.0,100.0,100.0,100.0,100.0,0.0,100.0
"White R, IN",2020,100.0,100.0,100.0,100.0,100.0,100.0,0.0,100.0
"White R, IN",2021,100.0,100.0,100.0,100.0,100.0,100.0,0.0,100.0
"White R, IN",2022,100.0,100.0,100.0,100.0,100.0,100.0,0.0,100.0
"White Rk Creek, TX",2013,100.0,100.0,100.0,100.0,100.0,0.0,0.0,100.0
"White Rk Creek, TX",2014,100.0,100.0,100.0,100.0,100.0,0.0,0.0,100.0
"White Rk Creek, TX",2015,100.0,100.0,100.0,100.0,100.0,0.0,0.0,100.0
"White Rk Creek, TX",2016,100.0,100.0,100.0,100.0,100.0,0.0,0.0,100.0
"White Rk Creek, TX",2017,100.0,100.0,100.0,100.0,95.8,0.0,0.0,100.0
"White Rk Creek, TX",2018,100.0,100.0,100.0,100.0,100.0,0.0,0.0,100.0
"White Rk Creek, TX",2019,100.0,100.0,100.0,100.0,100.0,0.0,0.0,100.0
"White Rk Creek, TX",2020,100.0,100.0,100.0,100.0,100.0,0.0,0.0,100.0
"White Rk Creek, TX",2021,100.0,100.0,100.0,100.0,100.0,0.0,0.0,100.0
"White Rk Creek, TX",2022,100.0,91.7,91.7,91.7,91.7,0.0,0.0,100.0
"Will. R, OR",2013,100.0,100.0,100.0,100.0,100.0,100.0,0.0,100.0
"Will. R, OR",2014,100.0,100.0,100.0,100.0,100.0,100.0,0.0,100.0
"Will. R, OR",2015,100.0,100.0,100.0,100.0,100.0,100.0,0.0,100.0
"Will. R, OR",2016,100.0,100.0,100.0,100.0,100.0,100.0,0.0,100.0
"Will. R, OR",2017,100.0,100.0,100.0,100.0,100.0,100.0,0.0,100.0
"Will. R, OR",2018,100.0,100.0,100.0,100.0,100.0,100.0,0.0,100.0
"Will. R, OR",2019,100.0,100.0,100.0,100.0,100.0,100.0,0.0,100.0
"Will. R, OR",2021,100.0,100.0,100.0,100.0,100.0,100.0,0.0,100.0
"Will. R, OR",2022,100.0,100.0,100.0,100.0,100.0,100.0,0.0,100.0
"Yakima R, WA",2013,100.0,100.0,100.0,100.0,100.0,0.0,0.0,100.0
"Yakima R, WA",2014,100.0,100.0,100.0,100.0,100.0,0.0,0.0,100.0
"Yakima R, WA",2015,100.0,94.1,94.1,100.0,100.0,0.0,0.0,100.0
"Yakima R, WA",2016,100.0,100.0,100.0,100.0,100.0,0.0,0.0,100.0
"Yakima R, WA",2017,100.0,100.0,94.1,94.1,100.0,0.0,0.0,100.0
"Yakima R, WA",2018,100.0,100.0,100.0,100.0,100.0,23.5,0.0,100.0
"Yakima R, WA",2019,100.0,100.0,100.0,100.0,100.0,87.5,0.0,100.0
"Yakima R, WA",2020,100.0,100.0,100.0,100.0,100.0,82.4,0.0,100.0
"Yakima R, WA",2021,100.0,100.0,100.0,100.0,100.0,68.8,0.0,100.0
"Yakima R, WA",2022,100.0,100.0,100.0,100.0,100.0,68.8,0.0,100.0
"Yazoo R, MS",2013,100.0,100.0,100.0,94.4,100.0,0.0,0.0,100.0
"Yazoo R, MS",2014,100.0,100.0,94.4,100.0,100.0,0.0,0.0,100.0
"Yazoo R, MS",2015,100.0,100.0,100.0,100.0,94.4,0.0,0.0,100.0
"Yazoo R, MS",2016,100.0,100.0,100.0,100.0,100.0,0.0,0.0,100.0
"Yazoo R, MS",2017,100.0,100.0,100.0,88.9,88.9,0.0,0.0,100.0
"Yazoo R, MS",2018,100.0,100.0,94.4,94.4,88.9,0.0,0.0,100.0
"Yazoo R, MS",2019,100.0,100.0,100.0,44.4,61.1,0.0,0.0,100.0
"Yazoo R, MS",2020,100.0,100.0,100.0,87.5,75.0,0.0,0.0,100.0
"Yazoo R, MS",2021,100.0,100.0,100.0,88.2,94.1,0.0,0.0,94.1
"Yazoo R, MS",2022,100.0,100.0,100.0,57.9,94.7,0.0,0.0,100.0
"Yellow. R, MT",2013,100.0,100.0,100.0,100.0,100.0,64.3,0.0,100.0
"Yellow. R, MT",2014,100.0,100.0,100.0,100.0,100.0,73.3,0.0,100.0
"Yellow. R, MT",2015,100.0,100.0,100.0,100.0,100.0,53.3,0.0,100.0
"Yellow. R, MT",2016,100.0,100.0,100.0,100.0,100.0,71.4,0.0,100.0
"Yellow. R, MT",2017,100.0,100.0,100.0,100.0,100.0,71.4,0.0,100.0
"Yellow. R, MT",2018,100.0,100.0,100.0,100.0,100.0,64.3,0.0,100.0
"Yellow. R, MT",2019,100.0,100.0,100.0,100.0,100.0,78.6,0.0,100.0
"Yellow. R, MT",2020,100.0,100.0,100.0,100.0,100.0,69.2,0.0,100.0
"Yellow. R, MT",2021,100.0,100.0,100.0,100.0,100.0,50.0,0.0,100.0
"Yellow. R, MT",2022,100.0,100.0,100.0,100.0,100.0,71.4,0.0,100.0
"Zoll. Creek, OR",2013,100.0,100.0,100.0,100.0,100.0,0.0,0.0,100.0
"Zoll. Creek, OR",2014,100.0,100.0,100.0,100.0,100.0,4.2,0.0,100.0
"Zoll. Creek, OR",2015,100.0,93.5,90.3,90.3,90.3,3.2,0.0,100.0
"Zoll. Creek, OR",2016,100.0,100.0,95.8,100.0,100.0,66.7,0.0,100.0
"Zoll. Creek, OR",2017,100.0,100.0,100.0,100.0,100.0,100.0,0.0,100.0
"Zoll. Creek, OR",2018,100.0,100.0,100.0,43.5,100.0,100.0,0.0,100.0
"Zoll. Creek, OR",2019,100.0,100.0,100.0,100.0,100.0,100.0,0.0,100.0
"Zoll. Creek, OR",2020,100.0,100.0,100.0,100.0,100.0,100.0,0.0,100.0
"Zoll. Creek, OR",2021,100.0,100.0,100.0,100.0,100.0,100.0,0.0,100.0
"Zoll. Creek, OR",2022,100.0,100.0,100.0,100.0,100.0,100.0,0.0,100.0
