monitoring_location_id,monitoring_location_name,state_name,drainage_area,time_zone_abbreviation
USGS-01184000,"CONNECTICUT RIVER AT THOMPSONVILLE, CT",Connecticut,9660.0,EST
USGS-01209710,"NORWALK RIVER AT WINNIPAUK,CT.",Connecticut,33.0,EST
USGS-01349150,CANAJOHARIE CREEK NEAR CANAJOHARIE NY,New York,59.7,EST
USGS-01372043,HUDSON RIVER NEAR POUGHKEEPSIE NY,New York,11833.0,EST
USGS-01463500,Delaware River at Trenton NJ,New Jersey,6780.0,EST
USGS-01578310,"SUSQUEHANNA RIVER AT CONOWINGO, MD",Maryland,27100.0,EST
USGS-01646580,"POTOMAC RIVER AT CHAIN BRIDGE, AT WASHINGTON, DC",Virginia,11570.0,EST
USGS-01654000,"ACCOTINK CREEK NEAR ANNANDALE, VA",Virginia,23.9,EST
USGS-02087580,"SWIFT CREEK NEAR APEX, NC",North Carolina,21.0,EST
USGS-02089500,"NEUSE RIVER AT KINSTON, NC",North Carolina,2692.0,EST
USGS-02091500,"CONTENTNEA CREEK AT HOOKERTON, NC",North Carolina,733.0,EST
USGS-02175000,"EDISTO RIVER NR GIVHANS, SC",South Carolina,2730.0,EST
USGS-02226160,"ALTAMAHA RIVER NEAR EVERETT CITY, GA",Georgia,14000.0,EST
USGS-02335870,"SOPE CREEK NEAR MARIETTA, GA",Georgia,30.7,EST
USGS-02338000,"CHATTAHOOCHEE RIVER NEAR WHITESBURG, GA",Georgia,2430.0,EST
USGS-02359170,"APALACHICOLA RIVER NR SUMATRA,FLA.",Florida,19200.0,EST
USGS-02429500,ALABAMA RIVER AT CLAIBORNE AL,Alabama,21967.0,CST
USGS-02469762,TOMBIGBEE R BL COFFEEVILLE L&D NEAR COFFEEVILLE,Alabama,18417.0,CST
USGS-02470500,MOBILE RIVER AT MT VERNON AL,Alabama,42867.0,CST
USGS-03303280,"OHIO RIVER AT CANNELTON DAM AT CANNELTON, IN",Indiana,97000.0,CST
USGS-03374100,"WHITE RIVER AT HAZLETON, IN",Indiana,11305.0,EST
USGS-03378500,"WABASH RIVER AT NEW HARMONY, IN",Indiana,29234.0,CST
USGS-03609750,"TENNESSEE RIVER AT HIGHWAY 60 NEAR PADUCAH, KY",Kentucky,40330.0,CST
USGS-03612500,"OHIO RIVER AT DAM 53 NEAR GRAND CHAIN, IL",Illinois,203100.0,CST
USGS-03612600,"OHIO RIVER AT OLMSTED, IL",Illinois,203000.0,CST
USGS-04161820,"CLINTON RIVER AT STERLING HEIGHTS, MI",Michigan,309.0,EST
USGS-04193500,Maumee River at Waterville OH,Ohio,6330.0,EST
USGS-04264331,ST. LAWRENCE R AT CORNWALL ONT NR MASSENA NY,New York,298800.0,EST
USGS-05082500,"RED RIVER OF THE NORTH AT GRAND FORKS, ND",North Dakota,30100.0,CST
USGS-05288705,"SHINGLE CREEK AT QUEEN AVE IN MINNEAPOLIS, MN",Minnesota,28.2,CST
USGS-05331580,"MISSISSIPPI RIVER BELOW L&D 2 AT HASTINGS, MN",Minnesota,37100.0,CST
USGS-05420500,"Mississippi River at Clinton, IA",Iowa,85600.0,CST
USGS-05451210,"South Fork Iowa River NE of New Providence, IA",Iowa,224.0,CST
USGS-05465500,"Iowa River at Wapello, IA",Iowa,12500.0,CST
USGS-05490500,"Des Moines River at Keosauqua, IA",Iowa,14038.0,CST
USGS-05586300,"ILLINOIS RIVER AT FLORENCE, IL",Illinois,26870.0,CST
USGS-05587455,"MISSISSIPPI RIVER BELOW GRAFTON, IL",Illinois,171300.0,CST
USGS-06329500,Yellowstone River near Sidney MT,Montana,69099.0,MST
USGS-06610000,"Missouri River at Omaha, NE",Nebraska,322800.0,CST
USGS-06713500,"CHERRY CREEK AT DENVER, CO.",Colorado,410.0,MST
USGS-06754000,"SOUTH PLATTE RIVER NEAR KERSEY, CO",Colorado,9661.0,MST
USGS-06800000,"Maple Creek near Nickerson, Nebr.",Nebraska,368.0,CST
USGS-06800500,"Elkhorn River at Waterloo, Nebr.",Nebraska,6900.0,CST
USGS-06805500,"Platte River at Louisville, Nebr.",Nebraska,85370.0,CST
USGS-06892350,"KANSAS R AT DESOTO, KS",Kansas,59756.0,CST
USGS-06934500,"Missouri River at Hermann, MO",Missouri,522500.0,CST
USGS-07022000,"Mississippi River at Thebes, IL",Illinois,713200.0,CST
USGS-07144100,"L ARKANSAS R NR SEDGWICK, KS",Kansas,1239.0,CST
USGS-07241550,"North Canadian River near Harrah, OK",Oklahoma,13775.0,CST
USGS-07263620,"AR River@David D Terry L&D below Little Rock, AR",Arkansas,158429.0,CST
USGS-07288650,"BOGUE PHALIA NR LELAND, MS",Mississippi,484.0,CST
USGS-07288955,"YAZOO RIVER BL STEELE BAYOU NR LONG LAKE, MS",Mississippi,13355.0,CST
USGS-07373420,"MISSISSIPPI R NR ST. FRANCISVILLE, LA",Louisiana,1125300.0,CST
USGS-07381495,"(COE) Atchafalaya River at Melville, LA",Louisiana,93316.0,CST
USGS-07381590,"Wax Lake Outlet at Calumet, LA",Louisiana,,CST
USGS-07381600,"Lower Atchafalaya River at Morgan City, LA",Louisiana,,CST
USGS-08057200,"White Rk Ck at Greenville Ave, Dallas, TX",Texas,66.4,CST
USGS-08057410,"Trinity Rv bl Dallas, TX",Texas,6278.0,CST
USGS-08116650,"Brazos Rv nr Rosharon, TX",Texas,45339.0,CST
USGS-08364000,"RIO GRANDE AT EL PASO, TX",Texas,32210.0,MST
USGS-08475000,"Rio Grande nr Brownsville, TX",Texas,176333.0,CST
USGS-09163500,COLORADO RIVER NEAR COLORADO-UTAH STATE LINE,Colorado,17849.0,MST
USGS-09380000,"COLORADO RIVER AT LEES FERRY, AZ",Arizona,111800.0,MST
USGS-09522000,"COLORADO RIVER AT NIB, ABOVE MORELOS DAM, AZ",Arizona,246700.0,MST
USGS-10168000,LITTLE COTTONWOOD CREEK @ JORDAN RIVER NR SLC,Utah,46.0,MST
USGS-10171000,"JORDAN RIVER @ 1700 SOUTH @ SALT LAKE CITY, UT",Utah,3438.0,MST
USGS-10350340,"TRUCKEE RV NR TRACY, NV",Nevada,1580.0,PST
USGS-11074000,SANTA ANA R BL PRADO DAM CA,California,2258.0,PST
USGS-11303500,SAN JOAQUIN R NR VERNALIS CA,California,13539.0,PST
USGS-11447650,SACRAMENTO R A FREEPORT CA,California,,PST
USGS-12505450,"GRANGER DRAIN AT GRANGER, WA",Washington,,PST
USGS-12510500,"YAKIMA RIVER AT KIONA, WA",Washington,5615.0,PST
USGS-13056500,HENRYS FORK NR REXBURG ID,Idaho,2920.0,MST
USGS-13092747,ROCK CREEK AB HWY 30/93 XING AT TWIN FALLS ID,Idaho,259.0,MST
USGS-13154500,SNAKE RIVER AT KING HILL ID,Idaho,35800.0,MST
USGS-14201300,"ZOLLNER CREEK NEAR MT ANGEL, OR",Oregon,15.0,PST
USGS-14206950,"FANNO CREEK AT DURHAM, OR",Oregon,31.5,PST
USGS-14211720,"WILLAMETTE RIVER AT PORTLAND, OR",Oregon,11200.0,PST
USGS-14246900,"COLUMBIA RIVER AT PORT WESTWARD, NEAR QUINCY, OR",Oregon,256900.0,PST
USGS-322023090544500,"MISSISSIPPI RIVER ABOVE VICKSBURG AT MILE 438, MS",Mississippi,1131145.0,CST
USGS-394340085524601,"SUGAR CREEK AT CO RD 400 S AT NEW PALESTINE, IN",Indiana,92.6,EST
